{
  "hash": "3096258d",
  "configHash": "4c250102",
  "lockfileHash": "ad710b50",
  "browserHash": "8df3aa44",
  "optimized": {
    "@angular/common": {
      "src": "../../../../../../node_modules/@angular/common/fesm2022/common.mjs",
      "file": "@angular_common.js",
      "fileHash": "a09498c4",
      "needsInterop": false
    },
    "@angular/common/http": {
      "src": "../../../../../../node_modules/@angular/common/fesm2022/http.mjs",
      "file": "@angular_common_http.js",
      "fileHash": "6c1a4a43",
      "needsInterop": false
    },
    "@angular/core": {
      "src": "../../../../../../node_modules/@angular/core/fesm2022/core.mjs",
      "file": "@angular_core.js",
      "fileHash": "18d050a1",
      "needsInterop": false
    },
    "@angular/fire/app": {
      "src": "../../../../../../node_modules/@angular/fire/fesm2022/angular-fire-app.mjs",
      "file": "@angular_fire_app.js",
      "fileHash": "83dc6c50",
      "needsInterop": false
    },
    "@angular/fire/auth": {
      "src": "../../../../../../node_modules/@angular/fire/fesm2022/angular-fire-auth.mjs",
      "file": "@angular_fire_auth.js",
      "fileHash": "7158e5f0",
      "needsInterop": false
    },
    "@angular/forms": {
      "src": "../../../../../../node_modules/@angular/forms/fesm2022/forms.mjs",
      "file": "@angular_forms.js",
      "fileHash": "a4a8af66",
      "needsInterop": false
    },
    "@angular/material/dialog": {
      "src": "../../../../../../node_modules/@angular/material/fesm2022/dialog.mjs",
      "file": "@angular_material_dialog.js",
      "fileHash": "86f7e71e",
      "needsInterop": false
    },
    "@angular/platform-browser": {
      "src": "../../../../../../node_modules/@angular/platform-browser/fesm2022/platform-browser.mjs",
      "file": "@angular_platform-browser.js",
      "fileHash": "b12ecaff",
      "needsInterop": false
    },
    "@angular/platform-browser/animations": {
      "src": "../../../../../../node_modules/@angular/platform-browser/fesm2022/animations.mjs",
      "file": "@angular_platform-browser_animations.js",
      "fileHash": "1c9f88cf",
      "needsInterop": false
    },
    "@angular/platform-browser/animations/async": {
      "src": "../../../../../../node_modules/@angular/platform-browser/fesm2022/animations/async.mjs",
      "file": "@angular_platform-browser_animations_async.js",
      "fileHash": "d14a8a66",
      "needsInterop": false
    },
    "@angular/router": {
      "src": "../../../../../../node_modules/@angular/router/fesm2022/router.mjs",
      "file": "@angular_router.js",
      "fileHash": "938daaa8",
      "needsInterop": false
    },
    "@microsoft/signalr": {
      "src": "../../../../../../node_modules/@microsoft/signalr/dist/esm/index.js",
      "file": "@microsoft_signalr.js",
      "fileHash": "3a95f78f",
      "needsInterop": false
    },
    "@ngx-translate/core": {
      "src": "../../../../../../node_modules/@ngx-translate/core/fesm2022/ngx-translate-core.mjs",
      "file": "@ngx-translate_core.js",
      "fileHash": "614a9e13",
      "needsInterop": false
    },
    "@ngx-translate/http-loader": {
      "src": "../../../../../../node_modules/@ngx-translate/http-loader/fesm2022/ngx-translate-http-loader.mjs",
      "file": "@ngx-translate_http-loader.js",
      "fileHash": "13c9c5b5",
      "needsInterop": false
    },
    "@primeng/themes": {
      "src": "../../../../../../node_modules/@primeng/themes/index.mjs",
      "file": "@primeng_themes.js",
      "fileHash": "97a89f2e",
      "needsInterop": false
    },
    "@primeng/themes/aura": {
      "src": "../../../../../../node_modules/@primeng/themes/aura/index.mjs",
      "file": "@primeng_themes_aura.js",
      "fileHash": "3c26a21e",
      "needsInterop": false
    },
    "ngx-toastr": {
      "src": "../../../../../../node_modules/ngx-toastr/fesm2022/ngx-toastr.mjs",
      "file": "ngx-toastr.js",
      "fileHash": "aee1dc09",
      "needsInterop": false
    },
    "primeng/animateonscroll": {
      "src": "../../../../../../node_modules/primeng/fesm2022/primeng-animateonscroll.mjs",
      "file": "primeng_animateonscroll.js",
      "fileHash": "5e38a40a",
      "needsInterop": false
    },
    "primeng/api": {
      "src": "../../../../../../node_modules/primeng/fesm2022/primeng-api.mjs",
      "file": "primeng_api.js",
      "fileHash": "939194f0",
      "needsInterop": false
    },
    "primeng/avatar": {
      "src": "../../../../../../node_modules/primeng/fesm2022/primeng-avatar.mjs",
      "file": "primeng_avatar.js",
      "fileHash": "93ae88ba",
      "needsInterop": false
    },
    "primeng/badge": {
      "src": "../../../../../../node_modules/primeng/fesm2022/primeng-badge.mjs",
      "file": "primeng_badge.js",
      "fileHash": "3da62ae6",
      "needsInterop": false
    },
    "primeng/button": {
      "src": "../../../../../../node_modules/primeng/fesm2022/primeng-button.mjs",
      "file": "primeng_button.js",
      "fileHash": "24670201",
      "needsInterop": false
    },
    "primeng/card": {
      "src": "../../../../../../node_modules/primeng/fesm2022/primeng-card.mjs",
      "file": "primeng_card.js",
      "fileHash": "3e72c178",
      "needsInterop": false
    },
    "primeng/chip": {
      "src": "../../../../../../node_modules/primeng/fesm2022/primeng-chip.mjs",
      "file": "primeng_chip.js",
      "fileHash": "971f9f0b",
      "needsInterop": false
    },
    "primeng/config": {
      "src": "../../../../../../node_modules/primeng/fesm2022/primeng-config.mjs",
      "file": "primeng_config.js",
      "fileHash": "be1d141a",
      "needsInterop": false
    },
    "primeng/confirmdialog": {
      "src": "../../../../../../node_modules/primeng/fesm2022/primeng-confirmdialog.mjs",
      "file": "primeng_confirmdialog.js",
      "fileHash": "3623772a",
      "needsInterop": false
    },
    "primeng/datepicker": {
      "src": "../../../../../../node_modules/primeng/fesm2022/primeng-datepicker.mjs",
      "file": "primeng_datepicker.js",
      "fileHash": "4c0f9986",
      "needsInterop": false
    },
    "primeng/divider": {
      "src": "../../../../../../node_modules/primeng/fesm2022/primeng-divider.mjs",
      "file": "primeng_divider.js",
      "fileHash": "5a0628b8",
      "needsInterop": false
    },
    "primeng/dynamicdialog": {
      "src": "../../../../../../node_modules/primeng/fesm2022/primeng-dynamicdialog.mjs",
      "file": "primeng_dynamicdialog.js",
      "fileHash": "4a30de43",
      "needsInterop": false
    },
    "primeng/inputgroup": {
      "src": "../../../../../../node_modules/primeng/fesm2022/primeng-inputgroup.mjs",
      "file": "primeng_inputgroup.js",
      "fileHash": "829f7a64",
      "needsInterop": false
    },
    "primeng/inputnumber": {
      "src": "../../../../../../node_modules/primeng/fesm2022/primeng-inputnumber.mjs",
      "file": "primeng_inputnumber.js",
      "fileHash": "a85b2276",
      "needsInterop": false
    },
    "primeng/inputtext": {
      "src": "../../../../../../node_modules/primeng/fesm2022/primeng-inputtext.mjs",
      "file": "primeng_inputtext.js",
      "fileHash": "f8694c44",
      "needsInterop": false
    },
    "primeng/menu": {
      "src": "../../../../../../node_modules/primeng/fesm2022/primeng-menu.mjs",
      "file": "primeng_menu.js",
      "fileHash": "c10af3a9",
      "needsInterop": false
    },
    "primeng/message": {
      "src": "../../../../../../node_modules/primeng/fesm2022/primeng-message.mjs",
      "file": "primeng_message.js",
      "fileHash": "0bc69bd7",
      "needsInterop": false
    },
    "primeng/paginator": {
      "src": "../../../../../../node_modules/primeng/fesm2022/primeng-paginator.mjs",
      "file": "primeng_paginator.js",
      "fileHash": "0041e4e7",
      "needsInterop": false
    },
    "primeng/password": {
      "src": "../../../../../../node_modules/primeng/fesm2022/primeng-password.mjs",
      "file": "primeng_password.js",
      "fileHash": "57ca612c",
      "needsInterop": false
    },
    "primeng/radiobutton": {
      "src": "../../../../../../node_modules/primeng/fesm2022/primeng-radiobutton.mjs",
      "file": "primeng_radiobutton.js",
      "fileHash": "3ec10e6b",
      "needsInterop": false
    },
    "primeng/select": {
      "src": "../../../../../../node_modules/primeng/fesm2022/primeng-select.mjs",
      "file": "primeng_select.js",
      "fileHash": "b2aa663b",
      "needsInterop": false
    },
    "primeng/selectbutton": {
      "src": "../../../../../../node_modules/primeng/fesm2022/primeng-selectbutton.mjs",
      "file": "primeng_selectbutton.js",
      "fileHash": "bcacce54",
      "needsInterop": false
    },
    "primeng/skeleton": {
      "src": "../../../../../../node_modules/primeng/fesm2022/primeng-skeleton.mjs",
      "file": "primeng_skeleton.js",
      "fileHash": "7e2bc5f5",
      "needsInterop": false
    },
    "primeng/styleclass": {
      "src": "../../../../../../node_modules/primeng/fesm2022/primeng-styleclass.mjs",
      "file": "primeng_styleclass.js",
      "fileHash": "06d59399",
      "needsInterop": false
    },
    "primeng/tag": {
      "src": "../../../../../../node_modules/primeng/fesm2022/primeng-tag.mjs",
      "file": "primeng_tag.js",
      "fileHash": "41b61c1b",
      "needsInterop": false
    },
    "primeng/textarea": {
      "src": "../../../../../../node_modules/primeng/fesm2022/primeng-textarea.mjs",
      "file": "primeng_textarea.js",
      "fileHash": "bf1410e1",
      "needsInterop": false
    },
    "primeng/toast": {
      "src": "../../../../../../node_modules/primeng/fesm2022/primeng-toast.mjs",
      "file": "primeng_toast.js",
      "fileHash": "e3f19203",
      "needsInterop": false
    },
    "primeng/tooltip": {
      "src": "../../../../../../node_modules/primeng/fesm2022/primeng-tooltip.mjs",
      "file": "primeng_tooltip.js",
      "fileHash": "bcfa5e73",
      "needsInterop": false
    },
    "rxjs": {
      "src": "../../../../../../node_modules/rxjs/dist/esm5/index.js",
      "file": "rxjs.js",
      "fileHash": "44a10778",
      "needsInterop": false
    },
    "rxjs/operators": {
      "src": "../../../../../../node_modules/rxjs/dist/esm5/operators/index.js",
      "file": "rxjs_operators.js",
      "fileHash": "fd0ba280",
      "needsInterop": false
    }
  },
  "chunks": {
    "browser-M4P662KC": {
      "file": "browser-M4P662KC.js"
    },
    "chunk-SKDKOY5K": {
      "file": "chunk-SKDKOY5K.js"
    },
    "chunk-SNR545TK": {
      "file": "chunk-SNR545TK.js"
    },
    "chunk-SBM7YV44": {
      "file": "chunk-SBM7YV44.js"
    },
    "chunk-KRWWLBNR": {
      "file": "chunk-KRWWLBNR.js"
    },
    "chunk-76RI3D6G": {
      "file": "chunk-76RI3D6G.js"
    },
    "chunk-PN5WNWJ7": {
      "file": "chunk-PN5WNWJ7.js"
    },
    "chunk-2ARLPUYV": {
      "file": "chunk-2ARLPUYV.js"
    },
    "chunk-NY6YZ3UO": {
      "file": "chunk-NY6YZ3UO.js"
    },
    "chunk-RKSPYK3I": {
      "file": "chunk-RKSPYK3I.js"
    },
    "chunk-5G7WYC4N": {
      "file": "chunk-5G7WYC4N.js"
    },
    "chunk-ZDTYRAST": {
      "file": "chunk-ZDTYRAST.js"
    },
    "chunk-SAACC6EH": {
      "file": "chunk-SAACC6EH.js"
    },
    "chunk-66KJW2DI": {
      "file": "chunk-66KJW2DI.js"
    },
    "chunk-JON4A2WK": {
      "file": "chunk-JON4A2WK.js"
    },
    "chunk-WNPUX6EK": {
      "file": "chunk-WNPUX6EK.js"
    },
    "chunk-BGKFPO4M": {
      "file": "chunk-BGKFPO4M.js"
    },
    "chunk-R6AJMFYL": {
      "file": "chunk-R6AJMFYL.js"
    },
    "chunk-WBS44QWF": {
      "file": "chunk-WBS44QWF.js"
    },
    "chunk-ML7BWUGJ": {
      "file": "chunk-ML7BWUGJ.js"
    },
    "chunk-MTDKMH4H": {
      "file": "chunk-MTDKMH4H.js"
    },
    "chunk-6MJRQPE4": {
      "file": "chunk-6MJRQPE4.js"
    },
    "chunk-6LC2T5W4": {
      "file": "chunk-6LC2T5W4.js"
    },
    "chunk-3AHIQUCF": {
      "file": "chunk-3AHIQUCF.js"
    },
    "chunk-VSAJBBQ3": {
      "file": "chunk-VSAJBBQ3.js"
    },
    "chunk-O2NJADM6": {
      "file": "chunk-O2NJADM6.js"
    },
    "chunk-WAZ2ZTVE": {
      "file": "chunk-WAZ2ZTVE.js"
    },
    "chunk-RP3SPLOW": {
      "file": "chunk-RP3SPLOW.js"
    },
    "chunk-VWEI3PJ6": {
      "file": "chunk-VWEI3PJ6.js"
    },
    "chunk-OCY53FXS": {
      "file": "chunk-OCY53FXS.js"
    },
    "chunk-NBIKOIY3": {
      "file": "chunk-NBIKOIY3.js"
    },
    "chunk-EIPUYNJK": {
      "file": "chunk-EIPUYNJK.js"
    }
  }
}